{
    "rmse": 0.670775210051921,
    "mae": 0.5273010147417988,
    "r2": 0.17509480598100413
}