{
    "rmse": 0.7144667380327764,
    "mae": 0.5570659596035624,
    "r2": 0.23740396675227482
}